MUSTERDATENSATZ,thema,Bezeichnung,Bezeichnung2,e,f,THEMA,BEZEICHNUNG,URI,Beschreibung,Topic,Label
Abfallentsorgung - Abfallkalender,abfallentsorgung,abfallkalender,,,Gleiche URI wie zuvor,Abfallentsorgung,Abfallkalender,,Auflistung der Müllabfuhrtermine nach Abfallkategorie und Ort,waste disposal,waste calendar
Abfallentsorgung - Abfallmenge,abfallentsorgung,abfallmenge,,,,Abfallentsorgung,Abfallmenge,,Menge des entsorgten Mülls nach unterschiedlichen Abfallarten,waste disposal,waste volume
Abfallentsorgung - Abgabestelle,abfallentsorgung,abgabestelle,,,,Abfallentsorgung,Abgabestelle,,"Ort, an dem bestimmte Müllkategorien abgegeben werden können",waste disposal,collection point
Abfallentsorgung - Container,abfallentsorgung,container,,,,Abfallentsorgung,Container,,"Standorte der Großraumbehälter zur Sammlung, Zwischenlagerung und zum Transport von Müll",waste disposal,container
Abfallentsorgung - Entwässerung,abfallentsorgung,entwaesserung,,,,Abfallentsorgung,Entwässerung,,Statistiken zum Abführen von [Ab]wasser durch künstliche und natürliche Einrichtungen,waste disposal,drainage
Abfallentsorgung - Müllgebühr,abfallentsorgung,muellgebuehr,,,,Abfallentsorgung,Müllgebühr,,Entgelt für die Abfallentsorgung,waste disposal,waste disposal fee
Abfallentsorgung - Straßenreinigung,abfallentsorgung,strassenreinigung,,,,Abfallentsorgung,Straßenreinigung,,Reinigung öffentlicher Straßen und Plätze,waste disposal,street cleaning
Bau - Baufertigstellung,bau,baufertigstellung,,,,Bau,Baufertigstellung,,"Bauvorhaben, deren Bauarbeiten weitgehend abgeschlossen sind",construction,construction completion
Bau - Baugenehmigung,bau,baugenehmigung,,,,Bau,Baugenehmigung,,"Bauaufsichtsbehördlich erteilte Genehmigung zur Errichtung, Änderung oder Beseitigung eines Baus",construction,construction permit
Bau - Baustelle,bau,baustelle,,,,Bau,Baustelle,,"Orte, an denen Bauwerke errichtet, umgebaut oder abgerissen werden",construction,construction site
Bau - Bauvorhaben,bau,bauvorhaben,,,,Bau,Bauvorhaben,,Gesamter Planungs- und Arbeitsprozess zum Herstellen oder Verändern eines Bauobjekts,construction,building project
Bau - Brunnen,bau,brunnen,,,,Bau,Brunnen,,Brunnen und Teichfontänen,construction,fountain
Bau - Grundstücksbewertung,bau,grundstuecksbewertung,,,,Bau,Grundstücksbewertung,,Wertermittlung für bebaute und unbebaute Grundstücke und grundstücksgleiche Rechte (Immobilien),construction,property valuation
Bau - Tiefbau,bau,tiefbau,,,,Bau,Tiefbau,,Angaben zum Tätigkeitsbereich der Tiefbauämter,construction,underground construction
Bau - Wohnungsbestand,bau,wohnungsbestand,,,,Bau,Wohnungsbestand,,"Wohngebäudebestand, Gesamtzahl der in einem Gebiet an einem Stichtag vorhandenen Häuser und Wohnungen",construction,residential portfolio
Bevölkerungsstruktur - Demografiebericht,bevoelkerungsstruktur,demografiebericht,,,,Bevölkerungsstruktur,Demografiebericht,,"Bericht, der die demografische Entwicklung für Kommunen darstellt",population structure,demographic report
Bevölkerungsstruktur - Einwohnerzahl,bevoelkerungsstruktur,einwohnerzahl,,,,Bevölkerungsstruktur,Einwohnerzahl,,Gesamtzahl der Einwohnerinnen und Einwohner,population structure,population
Bevölkerungsstruktur - Haushaltszusammensetzung,bevoelkerungsstruktur,haushaltszusammensetzung,,,,Bevölkerungsstruktur,Haushaltszusammensetzung,,"Personen, die in einer gemeinsamen Wohnung leben",population structure,household composition
Bevölkerungsstruktur - Migrationshintergrund,bevoelkerungsstruktur,migrationshintergrund,,,,Bevölkerungsstruktur,Migrationshintergrund,,"Daten zur Bevölkerungszusammensetzung im Hinblick auf den Faktor ""Migrationshintergrund""",population structure,migration background
Bevölkerungsstruktur - Religionszugehörigkeit,bevoelkerungsstruktur,religionszugehoerigkeit,,,,Bevölkerungsstruktur,Religionszugehörigkeit,,Zugehörigkeit einer Person zu einer bestimmten Religionsgemeinschaft,population structure,religious affiliation
Bevölkerungsstruktur - Staatsangehörigkeit,bevoelkerungsstruktur,staatsangehoerigkeit,,,,Bevölkerungsstruktur,Staatsangehörigkeit,,Angaben zur Staatsangehörigkeit der Bevölkerung,population structure,citizenship
Bevölkerungsstruktur - Vorname,bevoelkerungsstruktur,vorname,,,,Bevölkerungsstruktur,Vorname,,Statistiken zu vergebenen Vornamen,population structure,first name
Bildung - Ausbildung,bildung,ausbildung,,,,Bildung,Ausbildung,,Ausbildungseinrichtungen,education,education
Bildung - Bibliothek - Ausleihe,bildung,bibliothek,ausleihe,,,Bildung,Bibliothek - Ausleihe,,Verliehene Bibliotheksmedien,education,library - circulation
Bildung - Bibliothek - Bestand,bildung,bibliothek,bestand,,,Bildung,Bibliothek - Bestand,,Gesamtheit der in Bibliotheken gesammelten Publikationen,education,library - collection
Bildung - Bibliothek - Besucherzahl,bildung,bibliothek,besucherzahl,,,Bildung,Bibliothek - Besucherzahl,,Anzahl der Besucherinnen und Besucher von Bibliotheken,education,library - attendance
Bildung - Bibliothek - Budget,bildung,bibliothek,budget,,,Bildung,Bibliothek - Budget,,Finanzpläne von Bibliotheken,education,library - budget
Bildung - Bibliothek - Standort,bildung,bibliothek,standort,,,Bildung,Bibliothek - Standort,,Standorte von Bibliotheken,education,library - location
Bildung - Hochschule - Standort,bildung,hochschule,standort,,,Bildung,Hochschule - Standort,,Standorte von Hochschulen,education,university - location
Bildung - Hochschule - Studentenwohnheim,bildung,hochschule,studentenwohnheim,,,Bildung,Hochschule - Studentenwohnheim,,Unterkünfte für Studierende,education,university - student residence
Bildung - Hochschule - Studierendenzahl,bildung,hochschule,studierendenzahl,,,Bildung,Hochschule - Studierendenzahl,,Anzahl der Studierenden an einer Hochschule,education,university - number of students
Bildung - Kindertageseinrichtung - Betreuungsplatz,bildung,kindertageseinrichtung,betreuungsplatz,,,Bildung,Kindertageseinrichtung - Betreuungsplatz,,Zur Verfügung stehende Betreuungsplätze in Kindertagesstätten,education,nursery school - day care spot
Bildung - Kindertageseinrichtung - Standort,bildung,kindertageseinrichtung,standort,,,Bildung,Kindertageseinrichtung - Standort,,"Standorte von Einrichtungen, in denen Kinder ganztägig betreut werden",education,nursery school - location
Bildung - Musikschule - Teilnehmerzahl,bildung,musikschule,teilnehmerzahl,,,Bildung,Musikschule - Teilnehmerzahl,,"Zahl der Personen, die an Unterricht oder Veranstaltungen der Musikschulen teilnehmen",education,music school - number of participants
Bildung - Musikschule - Unterrichtsangebot,bildung,musikschule,unterrichtsangebot,,,Bildung,Musikschule - Unterrichtsangebot,,"Fächer, die an Musikschulen unterricht werden",education,music school - classes offered
Bildung - Schule - Internetanbindung,bildung,schule,internetanbindung,,,Bildung,Schule - Internetanbindung,,Anbindung von Schulen ins Internet,education,school - internet connection
Bildung - Schule - Schulangebot,bildung,schule,schulangebot,,,Bildung,Schule - Schulangebot,,Verzeichnisse der zur Verfügung stehenden Schulen bzw. deren Angebote,education,school - school options
Bildung - Schule - Schuleingangsuntersuchung,bildung,schule,schuleingangsuntersuchung,,,Bildung,Schule - Schuleingangsuntersuchung,,Gesetzlich vorgeschriebene Schulneulingsuntersuchung auf Einladung des Gesundheitsamtes vor der Aufnahme in die erste Jahrgangsstufe der Grundschule,education,school - School Entry Medical
Bildung - Schule - Schulentwicklungsplan,bildung,schule,schulentwicklungsplan,,,Bildung,Schule - Schulentwicklungsplan,,Planungs- und Steuerungsinstrument für die Umsetzung schulischer Entwicklungsvorhaben,education,school - school development plan
Bildung - Schule - Schülerzahl,bildung,schule,schuelerzahl,,,Bildung,Schule - Schülerzahl,,Anzahl der Schülerinnen und Schüler,education,school - number of students
Bildung - Schule - Standort,bildung,schule,standort,,,Bildung,Schule - Standort,,"Standorte, an denen sich Schulen befinden",education,school - location
Bildung - Schule - Wunschschule,bildung,schule,wunschschule,,,Bildung,Schule - Wunschschule,,Angaben zur Wahl der Erstwunsch-Schule,education,school - school of choice
Bildung - Volkshochschule - Teilnehmerzahl,bildung,volkshochschule,teilnehmerzahl,,,Bildung,Volkshochschule - Teilnehmerzahl,,Anzahl der am Angebot der Erwachsenenbildungsinstitute teilnehmenden Personen,education,adult education centre - number of participants
Bildung - Volkshochschule - Veranstaltung,bildung,volkshochschule,veranstaltung,,,Bildung,Volkshochschule - Veranstaltung,,"Events, die an Erwachsenenbildungsinstituten stattfinden",education,adult education centre - events
Bürgerservice - Anliegenmanagement,buergerservice,anliegenmanagement,,,,Bürgerservice,Anliegenmanagement,,"Systeme, mit denen Anliegen, Beschwerden, Hinweise und Wünsche von Nutzerinnen und Nutzern öffentlicher Dienste eingereicht werden",citizen service,citizen request management
Bürgerservice - Dienstleistung,buergerservice,dienstleistung,,,,Bürgerservice,Dienstleistung,,Serviceangebote der Bürgerservicestellen,citizen service,service
Bürgerservice - Hundekottüte,buergerservice,hundekottuete,,,,Bürgerservice,Hundekottüte,,Standorte von Hundekotbeutelstationen,citizen service,dog waste bag
Bürgerservice - Telefonverzeichnis,buergerservice,telefonverzeichnis,,,,Bürgerservice,Telefonverzeichnis,,Telefonnummern von Mitarbeiterinnen und Mitarbeitern der Verwaltung,citizen service,telephone directory
Bürgerservice - Termin,buergerservice,termin,,,,Bürgerservice,Termin,,Termine und Öffnungszeiten von Einrichtungen der Kommunalverwaltung,citizen service,appointment
Bürgerservice - Wartezeit,buergerservice,wartezeit,,,,Bürgerservice,Wartezeit,,Wartezeiten in Einrichtungen der Kommunalverwaltung,citizen service,waiting time
Digitalisierung - Open Data - Planung,digitalisierung,openData,planung,,,Digitalisierung,Open Data - Planung,,Angaben zur Durchführung von Initiativen für offene Verwaltungsdaten,digitalisation,open data - planning
Digitalisierung - Open Data - Zugrifsszahl,digitalisierung,openData,zugriffszahl,,,Digitalisierung,Open Data - Zugriffszahl,,Zahl der Aufrufe von offenen Verwaltungsdaten,digitalisation,open data - click-through rate
Digitalisierung - Website,digitalisierung,website,,,,Digitalisierung,Website,,Zugriffstatistiken der kommunalen Websites,digitalisation,website
Digitalisierung - WLAN und Mobilfunk,digitalisierung,wlanUndMobilfunk,,,,Digitalisierung,WLAN und Mobilfunk,,"Standorte von WLAN-Hotspots, Freifunkrouter und Mobilfunkstandorte",digitalisation,wifi and mobile telephony
Energie - Energiebericht,energie,energiebericht,,,,Energie,Energiebericht,,Darstellungen im Bereich Energiemanagement und der Erfolge von durchgeführten Maßnahmen,energy,energy report
Energie - Solar,energie,solar,,,,Energie,Solar,,Solarenergiekataster bzw. Angaben zur erzeugten Solarenergie,energy,solar energy
Energie - Stromversorgung,energie,stromversorgung,,,,Energie,Stromversorgung,,Kennzahlen zur Stromversorgung in einer Kommune,energy,electrical power supply
Energie - Wärmeversorgung,energie,waermeversorgung,,,,Energie,Wärmeversorgung,,Kennzahlen zur Wärmeversorgung in einer Kommune,energy,heat supply
Energie - Wasserversorgung,energie,wasserversorgung,,,,Energie,Wasserversorgung,,Kennzahlen zur Wasserversorgung in einer Kommune,energy,water supply
Energie - Windenergie,energie,windenergie,,,,Energie,Windenergie,,Kennzahlen zur Versorgung mit Windenergie in einer Kommune,energy,wind power
Finanzen - Haushalt - Außerplanmäßige Aufwendung,finanzen,haushalt,ausserplanmaessigeAufwendungen,,,Finanzen,Haushalt - Außerplanmäßige Aufwendung,,"Aufwendungen oder Auszahlungen, für die im Haushaltsplan keine Ermächtigungen veranschlagt und keine aus den Vorjahren übertragenen Ermächtigungen verfügbar sind",finance,budget - extraordinary expenditure
Finanzen - Haushalt - Controlling,finanzen,haushalt,controlling,,,Finanzen,Haushalt - Controlling,,Überwachung des kommunalen Haushalts,finance,budget - controlling
Finanzen - Haushalt - Jahresabschluss,finanzen,haushalt,jahresabschluss,,,Finanzen,Haushalt - Jahresabschluss,,Haushaltsrechnungen von Kommunen,finance,budget - annual financial statement
Finanzen - Haushalt - Plan,finanzen,haushalt,plan,,,Finanzen,Haushalt - Plan,,Kommunale Haushaltspläne,finance,budget - municipal budget plan
Finanzen - Haushalt - Produktplan,finanzen,haushalt,produktplan,,,Finanzen,Haushalt - Produktplan,,"Von einer öffentlichen Verwaltung erstellter, verwaltungsspezifischer Gliederungsplan, der die Produktstruktur im Haushaltsplan festlegt",finance,budget - product plan
Finanzen - Haushalt - Satzung,finanzen,haushalt,satzung,,,Finanzen,Haushalt - Satzung,,"Rechtsgrundlage für den Vollzug des Haushaltsplans in der kommunalen Verwaltung, der von der Gemeindevertretung oder dem Kreistag in öffentlicher Sitzung beschlossen wird",finance,budget - statutes
Finanzen - Haushalt - Sponsoring,finanzen,haushalt,sponsoring,,,Finanzen,Haushalt - Sponsoring,,Unterstützungen seitens der Kommunen durch finanzielle Mittel bzw. Sach- oder Dienstleistungen,finance,budget - sponsoring
Finanzen - Haushalt - Zuwendung und Förderung,finanzen,haushalt,zuwendungUndFoerderung,,,Finanzen,Haushalt - Zuwendung und Förderung,,Finanzielle Zuwendungen aus dem kommunalen Budget,finance,budget - grant
Finanzen - Steuern und Abgaben,finanzen,steuernUndAbgaben,,,,Finanzen,Steuern und Abgaben,,"Aufkommen an Steuern, Beiträgen und Gebühren",finance,taxes and charges
Flora und Fauna - Baumbestand - Baumfällung,floraUndFauna,baumbestand,baumfaellung,,,Flora und Fauna,Baumbestand - Baumfällung,,Umschneiden von Bäumen,flora and fauna,tree population - tree logging
Flora und Fauna - Baumbestand - Baumkataster,floraUndFauna,baumbestand,baumkataster,,,Flora und Fauna,Baumbestand - Baumkataster,,"Verzeichnis, in dem Bäume inklusive Standort und weiteren Informationen verwaltet werden",flora and fauna,tree population - tree register
Flora und Fauna - Fläche - Ausgleichsfläche,floraUndFauna,flaeche,ausgleichsflaeche,,,Flora und Fauna,Fläche - Ausgleichsfläche,,"Flächen für den Naturschutz, die bei Eingriffen in Natur und Landschaft, wie z. B. größere Bauprojekte, dafür sorgen, dass ein gewisser Ausgleich für negative ökologische Folgen geschaffen wird",flora and fauna,surface area - compensation area
Flora und Fauna - Fläche - Biotopfläche,floraUndFauna,flaeche,biotopflaeche,,,Flora und Fauna,Fläche - Biotopfläche,,Verzeichnis der Biotope in den Kommunen,flora and fauna,surface area - biotope area
Flora und Fauna - Fläche - Grünfläche und Grünflächenkataster,floraUndFauna,flaeche,gruenflaecheUndGruenflaechenkataster,,,Flora und Fauna,Fläche - Grünfläche und Grünflächenkataster,,"Verzeichnis der kommunalen Grünflächen meist mit Koppelung an ein Geoinformationssystem mit Angaben wie Fläche, Standort, Pflanzenbestand und Pflegemaßnahmen",flora and fauna,surface area -  green space and green space register
Flora und Fauna - Fläche - Hundewiese,floraUndFauna,flaeche,hundewiese,,,Flora und Fauna,Fläche - Hundewiese,,Standorte der kommunalen Hundeauslaufgebiete,flora and fauna,surface area - dog park
Flora und Fauna - Fläche - Jagdbezirk,floraUndFauna,flaeche,jagdbezirk,,,Flora und Fauna,Fläche - Jagdbezirk,,"Kommunale Gebiete, in denen die Jagd ausgeübt wird",flora and fauna,surface area - hunting district
Flora und Fauna - Fläche - Naturschutzgebiet,floraUndFauna,flaeche,naturschutzgebiet,,,Flora und Fauna,Fläche - Naturschutzgebiet,,"Kommunale Gebiete, die unter Naturschutz stehen",flora and fauna,surface area - nature reserve
Flora und Fauna - Fläche - Waldfläche,floraUndFauna,flaeche,waldflaeche,,,Flora und Fauna,Fläche - Waldfläche,,Bewaldete kommunale Gebiete,flora and fauna,surface area - forest area
Flora und Fauna - Gewässer - Pegelstand,floraUndFauna,gewaesser,pegelstand,,,Flora und Fauna,Gewässer - Pegelstand,,Wasserstände kommunaler Gewässer,flora and fauna,body of water - water level
Flora und Fauna - Gewässer - Wasserfläche,floraUndFauna,gewaesser,wasserflaeche,,,Flora und Fauna,Gewässer - Wasserfläche,,Kommunale Gewässer,flora and fauna,body of water - water body
Flora und Fauna - Urban Gardening,floraUndFauna,urbanGardening,,,,Flora und Fauna,Urban Gardening,,"Kleinräumige, gärtnerisch genutzte städtische Flächen",flora and fauna,urban gardening
Freizeit - Bad und Freibad,freizeit,badUndFreibad,,,,Freizeit,Bad und Freibad,,Standorte und Kennzahlen der kommunalen Schwimmbäder,leisure,public pool
Freizeit - Ferienangebot,freizeit,ferienangebot,,,,Freizeit,Ferienangebot,,Während der Schulferien angebotene Freizeitaktivitäten für Kinder und Jugendliche ,leisure,school holiday programme
Freizeit - Grillplatz,freizeit,grillplatz,,,,Freizeit,Grillplatz,,Standorte öffentlicher Grillstellen,leisure,barbecue area
Freizeit - Jugendeinrichtung,freizeit,jugendeinrichtung,,,,Freizeit,Jugendeinrichtung,,Standorte bzw. Angebote der Einrichtungen der kommunalen Jugendhilfe,leisure,youth centre
Freizeit - Sitzgelegenheit,freizeit,sitzgelegenheit,,,,Freizeit,Sitzgelegenheit,,Sitzplätze im öffentlichen Raum,leisure,urban seating
Freizeit - Spielplatz und Spielstätte,freizeit,spielplatzUndSpielstaette,,,,Freizeit,Spielplatz und Spielstätte,,Standorte bzw. Kennzahlen der kommunalen Spielanlagen,leisure,playground and event venue
Freizeit - Verein,freizeit,verein,,,,Freizeit,Verein,,Informationen zu Vereinen in Kommunen,leisure,association
Geschichte - Quelle - Archivbestand,geschichte,quelle,archivbestand,,,Geschichte,Quelle - Archivbestand,,Bestände kommunaler Archive,history,source - archive collection
Geschichte - Quelle - Entschädigung,geschichte,quelle,entschaedigung,,,Geschichte,Quelle - Entschädigung,,Kommunale Entschädigungsakten,history,source - restitution
Geschichte - Quelle - Historische Karte,geschichte,quelle,historischeKarte,,,Geschichte,Quelle - Historische Karte,,Daten zu historischen Landkarten,history,source - historical map
Geschichte - Quelle - Historische Luftaufnahme,geschichte,quelle,historischeLuftaufnahme,,,Geschichte,Quelle - Historische Luftaufnahme,,Daten zu historischen Fotoaufnahmen der Kommunen aus der Luft,history,source - historical aerial view
Geschichte - Quelle - Personalverzeichnis,geschichte,quelle,personalverzeichnis,,,Geschichte,Quelle - Personalverzeichnis,,Kontaktliste kommunaler Mitarbeiterinnen und Mitarbeiter,history,source - staff directory
Geschichte - Standort mit Geschichte,geschichte,standortMitGeschichte,,,,Geschichte,Standort mit Geschichte,,Orte mit geschichtlicher Relevanz,history,site with a history
Gesundheit - Apotheke,gesundheit,apotheke,,,,Gesundheit,Apotheke,,Standorte und weitere Angaben zu Apotheken,health,pharmacy
Gesundheit - Arzt,gesundheit,arzt,,,,Gesundheit,Arzt,,Daten zu den Ärztinnen und Ärzten,health,physician
Gesundheit - Gesundheitsberichterstattung,gesundheit,gesundheitsberichterstattung,,,,Gesundheit,Gesundheitsberichterstattung,,Kommunale Gesundheitsberichte,health,health reporting
Gesundheit - Hebamme,gesundheit,hebamme,,,,Gesundheit,Hebamme,,Listen aller im Kommunalgebiet tätigen Hebammen,health,midwife
Gesundheit - Infektion,gesundheit,infektion,,,,Gesundheit,Infektion,,Infektionsgeschehen in den Kommunen,health,infection
Gesundheit - Krankenhaus,gesundheit,krankenhaus,,,,Gesundheit,Krankenhaus,,Standorte und Kennzahlen zu Krankenhäusern in einer Kommune,health,hospital
Gesundheit - Öffentliche Toilette,gesundheit,oeffentlicheToilette,,,,Gesundheit,Öffentliche Toilette,,Informationen zu Standort und Austattung der öffentlichen Bedürfnisanstalten in einer Kommune,health,public toilet
Gesundheit - Rettungsdienst - Defibrillator,gesundheit,rettungsdienst,defibrillator,,,Gesundheit,Rettungsdienst - Defibrillator,,Standorte kommunaler Defibrillatoren,health,emergency service - defibrillator
Gesundheit - Rettungsdienst - Rettungsdiensteinsatz,gesundheit,rettungsdienst,rettungsdiensteinsatz,,,Gesundheit,Rettungsdienst - Rettungsdiensteinsatz,,Kennzahlen zu Einsätzen durch die kommunalen Rettungsdienste,health,emergency service - rescue mission
Justiz - Gesetzestext,justiz,gesetzestext,,,,Justiz,Gesetzestext,,Wortlaut eines Gesetzes,judicial system,legal text
Justiz - Justizeinrichtung,justiz,justizeinrichtung,,,,Justiz,Justizeinrichtung,,Angaben über kommunale Justizstandorte,judicial system,judicial organisation
Klimaschutz und Umweltschutz - Bericht und Analyse - Klimabilanz,klimaschutzUndUmweltschutz,berichtUndAnalyse,klimabilanz,,,Klimaschutz und Umweltschutz,Bericht und Analyse - Klimabilanz,,Kennzahlen zur Klimabilanz der Kommunen,climate protection and environmental protection,report and analysis - climate footprint
Klimaschutz und Umweltschutz - Bericht und Analyse - Luft und Emission,klimaschutzUndUmweltschutz,berichtUndAnalyse,luftUndEmission,,,Klimaschutz und Umweltschutz,Bericht und Analyse - Luft und Emission,,Kennzahlen zu Luft- und Emissionswerten,climate protection and environmental protection,report and analysis - air and emissions
Klimaschutz und Umweltschutz - Bericht und Analyse - Verkehrsmessung,klimaschutzUndUmweltschutz,berichtUndAnalyse,verkehrsmessung,,,Klimaschutz und Umweltschutz,Bericht und Analyse - Verkehrsmessung,,Kennzahlen zum Verkehrsaufkommen in einer Kommune,climate protection and environmental protection,report and analysis - traffic count
Klimaschutz und Umweltschutz - Bericht und Analyse - Wasser,klimaschutzUndUmweltschutz,berichtUndAnalyse,wasser,,,Klimaschutz und Umweltschutz,Bericht und Analyse - Wasser,,Kennzahlen zu Wasser in einer Kommune,climate protection and environmental protection,report and analysis - water
Klimaschutz und Umweltschutz - Radioaktivitätsmessung,klimaschutzUndUmweltschutz,radioaktivitaetsmessung,,,,Klimaschutz und Umweltschutz,Radioaktivitätsmessung,,Kennzahlen zu Radioaktivität in einer Kommune,climate protection and environmental protection,radioactivity measurements
Klimaschutz und Umweltschutz - Umweltzone,klimaschutzUndUmweltschutz,umweltzone,,,,Klimaschutz und Umweltschutz,Umweltzone,,"Daten zu den in einer Kommune eingerichteten Gebieten, in denen nur Kfz mit Feinstaubplakette fahren dürfen",climate protection and environmental protection,low-emission zone
Kultur - Denkmal,kultur,denkmal,,,,Kultur,Denkmal,,Standorte und weitere Angaben zu Denkmälerm bzw. Erinnerungsorten in Kommunen,culture,monument
Kultur - Friedhof - Grabstätte,kultur,friedhof,grabstaette,,,Kultur,Friedhof - Grabstätte,,"Standorte und Eigenschaften von Stellen, an denen Tote beerdigt sind",culture,cemetery - place of burial
Kultur - Friedhof - Standort,kultur,friedhof,standort,,,Kultur,Friedhof - Standort,,Standorte der Friedhöfe,culture,cemetery - location
Kultur - Religiöse Einrichtung,kultur,religioeseEinrichtung,,,,Kultur,Religiöse Einrichtung,,"Standorte bzw. Kennzahlen zu Sakralbauten, Gotteshäusern, Glaubenseinrichtungen",culture,religious institution
Kultur - Kunstwerk,kultur,kunstwerk,,,,Kultur,Kunstwerk,,Daten zu Erzeugnissen künstlerischen Schaffens im öffentlichen Raum der Kommunen,culture,work of art
Kultur - Lehrpfad und Wanderpfad,kultur,lehrpfadUndWanderpfad,,,,Kultur,Lehrpfad und Wanderpfad,,Daten zu Freizeitwegen inkl. gestalteten [Themen]wegen mit dem Ziel der Wissensvermittlung,culture,educational trail and hiking trail
Kultur - Museum - Besucherzahl,kultur,museum,besucherzahl,,,Kultur,Museum - Besucherzahl,,Frequentierungszahlen in Museen,culture,museum - number of visitors
Kultur - Museum - Standort,kultur,museum,standort,,,Kultur,Museum - Standort,,Standorte der Museen in Kommunen,culture,museum - location
Kultur - Theater - Besucherzahl,kultur,theater,besucherzahl,,,Kultur,Theater - Besucherzahl,,Anzahl der Besucherinnen und Besucher von Theatern,culture,theatre - attendance
Kultur - Theater - Programm,kultur,theater,programm,,,Kultur,Theater - Programm,,Informationen zu Theatervorstellungen,culture,theatre - programme
Kultur - Veranstaltung - Angebot,kultur,veranstaltung,angebot,,,Kultur,Veranstaltung - Angebot,,Informationen zu angebotenen Veranstaltungen,culture,event - offer
Kultur - Veranstaltung - Besucherzahl,kultur,veranstaltung,besucherzahl,,,Kultur,Veranstaltung - Besucherzahl,,Anzahl der Besucherinnen und Besucher einer Veranstaltung,culture,event - attendance
Öffentlichkeitsarbeit - Pressemitteilung und Veröffentlichung,oeffentlichkeitsarbeit,pressemitteilungUndVeroeffentlichung,,,,Öffentlichkeitsarbeit,Pressemitteilung und Veröffentlichung,,Medienaussendungen und Pressemeldungen,public relations,press release and publication
Öffentlichkeitsarbeit - Stadtmarketing,oeffentlichkeitsarbeit,stadtmarketing,,,,Öffentlichkeitsarbeit,Stadtmarketing,,Gesamtheit der Maßnahmen zur Imageförderung einer Stadt,public relations,city marketing
Politische Partizipation - Bürgerbeteiligung - Bürgerentscheid,politischePartizipation,buergerbeteiligung,buergerentscheid,,,Politische Partizipation,Bürgerbeteiligung - Bürgerentscheid,,Entscheidung einer wichtigen Angelegenheit der Kommune durch die Bürgerinnen und Bürger,political participation,public participation - local referendum
Politische Partizipation - Bürgerbeteiligung - Bürgerhaushalt,politischePartizipation,buergerbeteiligung,buergerhaushalt,,,Politische Partizipation,Bürgerbeteiligung - Bürgerhaushalt,,"Direkte kommunale Bürgerbeteiligung, bei der die Bürgerinnen und Bürger über Teile der Haushaltsmittel mitbestimmen",political participation,public participation - participatory budgeting
Politische Partizipation - Bürgerbeteiligung - Entwicklung und Information,politischePartizipation,buergerbeteiligung,entwicklungUndInformation,,,Politische Partizipation,Bürgerbeteiligung - Entwicklung und Information,,Information über und Weiterentwicklung der Bürgerbeteiligung,political participation,public participation - development and information
Politische Partizipation - Bürgerbeteiligung - Umfrage,politischePartizipation,buergerbeteiligung,umfrage,,,Politische Partizipation,Bürgerbeteiligung - Umfrage,,Daten zu Befragungen von Bürgerinnen und Bürgern zu bestimmten Themen der Verwaltung,political participation,public participation - survey
Politische Partizipation - Politische Vertretung - Bürgermeister,politischePartizipation,politischeVertretung,buergermeister,,,Politische Partizipation,Politische Vertretung - Bürgermeister,,Angaben zu den Bürgermeisterinnen und Bürgermeistern der Kommunen,political participation,political representation - mayor
Politische Partizipation - Politische Vertretung - Gremium,politischePartizipation,politischeVertretung,gremium,,,Politische Partizipation,Politische Vertretung - Gremium,,Informationen zu den beschlussfassenden Ausschüssen der Kommunen,political participation,political representation - committee
Politische Partizipation - Politische Vertretung - Mandatsträger,politischePartizipation,politischeVertretung,mandatstraeger,,,Politische Partizipation,Politische Vertretung - Mandatsträger,,Informationen zu Mandatsträgerinnen und Mandatsträgern der Kommunen,political participation,political representation - elected official
Politische Partizipation - Verband,politischePartizipation,verband,,,,Politische Partizipation,Verband,,Zusammenschluss mehrerer kleinerer Vereinigungen oder Einzelpersonen zur Durchsetzung gemeinsamer Interessen,political participation,association
Politische Partizipation - Wahl - Beiratswahl,politischePartizipation,wahl,beiratswahl,,,Politische Partizipation,Wahl - Beiratswahl,,Informationen über die Wahlen kommunaler Beiräte,political participation,election - advisory board election
Politische Partizipation - Wahl - Bundestagswahl,politischePartizipation,wahl,bundestagswahl,,,Politische Partizipation,Wahl - Bundestagswahl,,Wahleinrichtungen bzw. Wahlergebnisse der Bundestagswahl,political participation,election - federal election
Politische Partizipation - Wahl - Europawahl,politischePartizipation,wahl,europawahl,,,Politische Partizipation,Wahl - Europawahl,,Wahleinrichtungen bzw. Wahlergebnisse der Europawahl,political participation,election - European election
Politische Partizipation - Wahl - Kandidatenliste,politischePartizipation,wahl,kandidatenliste,,,Politische Partizipation,Wahl - Kandidatenliste,,Wahlvorschläge der Kommunen,political participation,election - list of candidates
Politische Partizipation - Wahl - Kommunalwahl,politischePartizipation,wahl,kommunalwahl,,,Politische Partizipation,Wahl - Kommunalwahl,,Wahleinrichtungen bzw. Wahlergebnisse von Kommunalwahlen,political participation,election - municipal election
Politische Partizipation - Wahl - Landtagswahl,politischePartizipation,wahl,landtagswahl,,,Politische Partizipation,Wahl - Landtagswahl,,Wahleinrichtungen bzw. Wahlergebnisse der Landtagswahl,political participation,election - state election
Politische Partizipation - Wahl - Straßenverzeichnis,politischePartizipation,wahl,strassenverzeichnis,,,Politische Partizipation,Wahl - Straßenverzeichnis,,"Für Wahlen erstelltes Verzeichnis der Straßen und Plätze einer Kommune nach Stimmbezirk, Wahlbezirk, Wahlkreis",political participation,election - street directory
Politische Partizipation - Wahl - Verbundwahl,politischePartizipation,wahl,verbundwahl,,,Politische Partizipation,Wahl - Verbundwahl,,Durch Zusammenlegung gleichzeitig stattfindende Wahlen,political participation,election - simultaneous  election
Politische Partizipation - Wahl - Wahlkreis und Wahlbezirk,politischePartizipation,wahl,wahlkreisUndWahlbezirk,,,Politische Partizipation,Wahl - Wahlkreis und Wahlbezirk,,Daten zu Wahlkreisen und Wahlbezirken,political participation,election - electoral district and precinct
Politische Partizipation - Wahl - Wahllokal,politischePartizipation,wahl,wahllokal,,,Politische Partizipation,Wahl - Wahllokal,,Daten zu Orten der Wahlaustragung,political participation,election - polling place
Raumplanung - Bauleitplan,raumplanung,bauleitplan,,,,Raumplanung,Bauleitplan,,Daten zu städtebaulichen Entwicklungsplänen,land use spatial planning regional development,urban land-use plan
Raumplanung - Bebauungsplan,raumplanung,bebauungsplan,,,,Raumplanung,Bebauungsplan,,"Kommunale Plänen, nach denen Flächen bebaut werden sollen",land use spatial planning regional development,zoning plan
Raumplanung - Flächennutzung,raumplanung,flaechennutzung,,,,Raumplanung,Flächennutzung,,Nutzung größerer Flächen einer Kommune für bestimmte Zwecke,land use spatial planning regional development,land use
Raumplanung - Liegenschaft - Grundstück und Gebäude,raumplanung,liegenschaft,grundstueckUndGebaeude,,,Raumplanung,Liegenschaft - Grundstück und Gebäude,,Daten zu kommunalen Liegenschaften,land use spatial planning regional development,real estate - plot and building
Raumplanung - Liegenschaft - Liegenschaftskataster,raumplanung,liegenschaft,liegenschaftskataster,,,Raumplanung,Liegenschaft - Liegenschaftskataster,,Daten zum Grundstücksverzeichnis,land use spatial planning regional development,real estate - real-estate register
Raumplanung - Liegenschaft - Satzung,raumplanung,liegenschaft,satzung,,,Raumplanung,Liegenschaft - Satzung,,Satzungen im Bereich Liegenschaften,land use spatial planning regional development,real estate - by-law
Raumplanung - Orthofoto,raumplanung,orthofoto,,,,Raumplanung,Orthofoto,,"Verzerrungsfreie, maßstabsgetreue aus Luft- oder Satellitenbildern abgeleitete Abbildungen der Erdoberfläche",land use spatial planning regional development,orthophoto
Raumplanung - Raumgliederung - Adresse,raumplanung,raumgliederung,adresse,,,Raumplanung,Raumgliederung - Adresse,,Daten zu Anschriften,land use spatial planning regional development,space planning - address
Raumplanung - Raumgliederung - Block,raumplanung,raumgliederung,block,,,Raumplanung,Raumgliederung - Block,,"Beschreibung von Gebieten innerhalb eines Stadtteils, die als Blöcke bezeichnet werden",land use spatial planning regional development,space planning - city block
Raumplanung - Raumgliederung - Hausnummer,raumplanung,raumgliederung,hausnummer,,,Raumplanung,Raumgliederung - Hausnummer,,Daten zu den Nummern der einzelnen Häuser,land use spatial planning regional development,space planning - house number
Raumplanung - Raumgliederung - Ortsteil,raumplanung,raumgliederung,ortsteil,,,Raumplanung,Raumgliederung - Ortsteil,,Daten zur kommunalen Gliederung in Stadtteile,land use spatial planning regional development,space planning - city district
Raumplanung - Raumgliederung - Postleitzahlengebiet,raumplanung,raumgliederung,postleitzahlengebiet,,,Raumplanung,Raumgliederung - Postleitzahlengebiet,,Postleitzahlen von Städten und Gemeinden,land use spatial planning regional development,space planning - postal code area
Raumplanung - Raumgliederung - Stadtgebiet,raumplanung,raumgliederung,stadtgebiet,,,Raumplanung,Raumgliederung - Stadtgebiet,,Informationen zu Stadtgebieten,land use spatial planning regional development,space planning - city area
Raumplanung - Raumgliederung - Straße,raumplanung,raumgliederung,strasse,,,Raumplanung,Raumgliederung - Straße,,Informationen zu Straßen,land use spatial planning regional development,space planning - street
Raumplanung - Sozialraum,raumplanung,sozialraum,,,,Raumplanung,Sozialraum,,Daten zu Sozialraum als Stadtplanungs- und Verwaltungskategorie,land use spatial planning regional development,social area
Raumplanung - Stadtplan,raumplanung,stadtplan,,,,Raumplanung,Stadtplan,,Kartographische Daten einer Stadt,land use spatial planning regional development,city map
Sicherheit - Beleuchtung,sicherheit,beleuchtung,,,,Sicherheit,Beleuchtung,,Daten zur öffentlichen Beleuchtung,safety and security,lighting
Sicherheit - Feuerwehr - Feuerwehreinsatz,sicherheit,feuerwehr,feuerwehreinsatz,,,Sicherheit,Feuerwehr - Feuerwehreinsatz,,Daten zu Einsätzen der Feuerwehr in den Kommunen,safety and security,fire department - firefighting operation
Sicherheit - Feuerwehr - Personal,sicherheit,feuerwehr,personal,,,Sicherheit,Feuerwehr - Personal,,Daten zu den im Feuerwehrdienst tätigen Einsatzkräften,safety and security,fire department - staff
Sicherheit - Feuerwehr - Standort,sicherheit,feuerwehr,standort,,,Sicherheit,Feuerwehr - Standort,,Verzeichnis der Feuerwehrstandorte,safety and security,fire department - location
Sicherheit - Kriminalitätsstatistik,sicherheit,kriminalitaetsstatistik,,,,Sicherheit,Kriminalitätsstatistik,,Daten zur Kriminalität,safety and security,crime statistics
Sicherheit - Ordnungsamt,sicherheit,ordnungsamt,,,,Sicherheit,Ordnungsamt,,Informationen über die Tätigkeit der für die Abwehr von Gefahren für die öffentliche Sicherheit oder Ordnung verantwortliche Organisationseinheit der Kommunalverwaltung,safety and security,public order office
Sicherheit - Polizei,sicherheit,polizei,,,,Sicherheit,Polizei,,Standorte der Polizei,safety and security,police
Sicherheit - Rettungshilfe - Anlaufstelle,sicherheit,rettungshilfe,anlaufstelle,,,Sicherheit,Rettungshilfe - Anlaufstelle,,"Kontaktstellen der Institutionen, Organisationen oder Personen, an die man sich im Notfall wenden kann, um Hilfe oder Unterstützung zu bekommen (z. B. bei Feuer, Lebensgefahr, medizinischer Notlage)",safety and security,rescue service - contact point
Sicherheit - Rettungshilfe - Notfallnummer,sicherheit,rettungshilfe,notfallnummer,,,Sicherheit,Rettungshilfe - Notfallnummer,,"Öffentliche Orte, die mit Informationen zu Notfallnummern ausgestattet sind",safety and security,rescue service - emergency number
Sicherheit - Rettungshilfe - Notinsel,sicherheit,rettungshilfe,notinsel,,,Sicherheit,Rettungshilfe - Notinsel,,"Standorte von Anlaufpunkten, die Kindern in Not im Rahmen des Projekts ""Notinsel"" als Zuflucht dienen",safety and security,rescue service - Notinsel (safe haven for children in need)
Sicherheit - Rettungshilfe - Waldrettungspunkt,sicherheit,rettungshilfe,waldrettungspunkt,,,Sicherheit,Rettungshilfe - Waldrettungspunkt,,Waldstandorte für die Notfallalarmierung,safety and security,rescue service - forest rescue point
Sicherheit - Zivilschutz und Katastrophenschutz - Kampfmittelfund,sicherheit,zivilschutzUndKatastrophenschutz,kampfmittelfund,,,Sicherheit,Zivilschutz und Katastrophenschutz - Kampfmittelfund,,Daten zu Kampfmittelfunden und deren Beseitigung,safety and security,civil protection management and disaster management - bomb disposal
Sicherheit - Zivilschutz und Katastrophenschutz - Sirene,sicherheit,zivilschutzUndKatastrophenschutz,sirene,,,Sicherheit,Zivilschutz und Katastrophenschutz - Sirene,,Standorte der und Informationen zu Zivilschutzsirenen,safety and security,civil protection management and disaster management - siren
Soziale Hilfe - Angebot und Beratungsstelle,sozialeHilfe,angebotUndBeratungsstelle,,,,Soziale Hilfe,Angebot und Beratungsstelle,,Verzeichnis des öffentlichen Angebotes sozialer Hilfen bzw. der Beratungsstellen,social support,offer and counselling centre
Soziale Hilfe - Behinderung - Behindertenwohnheim,sozialeHilfe,behinderung,behindertenwohnheim,,,Soziale Hilfe,Behinderung - Behindertenwohnheim,,Einrichtungen für Menschen mit Behinderung,social support,disability - residential care home for people with disabilities
Soziale Hilfe - Behinderung - Menschen mit Behinderung,sozialeHilfe,behinderung,menschenMitBehinderung,,,Soziale Hilfe,Behinderung - Menschen mit Behinderung,,Informationen zu Menschen mit Behinderung,social support,disability - people with disabilities
Soziale Hilfe - Bericht,sozialeHilfe,bericht,,,,Soziale Hilfe,Bericht,,Berichte über soziale Hilfestellungen,social support,report
Soziale Hilfe - Finanzielle Unterstützung - Förderung,sozialeHilfe,finanzielleUnterstuetzung,foerderung,,,Soziale Hilfe,Finanzielle Unterstützung - Förderung,,Finanzielle Unterstützungen im Rahmen der sozialen Hilfe,social support,financial support - aid
Soziale Hilfe - Finanzielle Unterstützung - Grundsicherung,sozialeHilfe,finanzielleUnterstuetzung,grundsicherung,,,Soziale Hilfe,Finanzielle Unterstützung - Grundsicherung,,Informationen zum Leistungsbezug der Grundsicherung,social support,financial support - basic security
Soziale Hilfe - Finanzielle Unterstützung - Wohngeld,sozialeHilfe,finanzielleUnterstuetzung,wohngeld,,,Soziale Hilfe,Finanzielle Unterstützung - Wohngeld,,Statistische Informationen zu Empfängerinnen und Empfängern von Wohngeld,social support,financial support - housing benefit
Soziale Hilfe - Flucht - Asylbewerber,sozialeHilfe,flucht,asylbewerber,,,Soziale Hilfe,Flucht - Asylbewerber,,Statistische Informationen zu Leistungsbeziehenden nach dem Asylbewerberleistungsgesetz,social support,escape  - asylum seeker
Soziale Hilfe - Flucht - Flüchtlingsunterbringung,sozialeHilfe,flucht,fluechtlingsunterbringung,,,Soziale Hilfe,Flucht - Flüchtlingsunterbringung,,Entwicklung der Unterbringung von Flüchtlingen,social support,escape - refugee housing
Soziale Hilfe - Flucht - Flüchtlingszahl,sozialeHilfe,flucht,fluechtlingszahl,,,Soziale Hilfe,Flucht - Flüchtlingszahl,,Zahl der Flüchtlinge,social support,escape - number of refugees
Soziale Hilfe - Flucht - Integration,sozialeHilfe,flucht,integration,,,Soziale Hilfe,Flucht - Integration,,Informationen zu den Angeboten der Flüchtlingshilfe,social support,escape - integration
Soziale Hilfe - Geförderter Wohnungsbau,sozialeHilfe,gefoerderterWohnungsbau,,,,Soziale Hilfe,Geförderter Wohnungsbau,,Kennzahlen zu öffentlich geförderten Wohnungen,social support,subsidized housing
Soziale Hilfe - Pflege,sozialeHilfe,pflege,,,,Soziale Hilfe,Pflege,,Informationen zu Pflegepersonal und Pflegeeinrichtungen,social support,nursing care
Städtisches Personal - Stellenausschreibung,staedtischesPersonal,stellenausschreibung,,,,Städtisches Personal,Stellenausschreibung,,Städtische Stellenangebote,city staff,job posting
Städtisches Personal - Stellenplan,staedtischesPersonal,stellenplan,,,,Städtisches Personal,Stellenplan,,Plan der Stellen im städtischen Dienst,city staff,staffing plan
Tourismus - Gästezahl,tourismus,gaestezahl,,,,Tourismus,Gästezahl,,Zahl der Gäste und Übernachtungen,tourism,number of visitors
Tourismus - Sehenswürdigkeit,tourismus,sehenswuerdigkeit,,,,Tourismus,Sehenswürdigkeit,,Touristenattraktionen,tourism,tourist attraction
Tourismus - Stadtführung,tourismus,stadtfuehrung,,,,Tourismus,Stadtführung,,Informationen zu Stadtrundgängen und touristischen Führungen,tourism,guided city tour
Tourismus -  Unterkunft - Campingplatz,tourismus,unterkunft,campingplatz,,,Tourismus,Unterkunft - Campingplatz,,Verzeichnis der Campingplätze,tourism,accommodation - campsite
Tourismus - Unterkunft - Herberge,tourismus,unterkunft,herberge,,,Tourismus,Unterkunft - Herberge,,Informationen zu Beherbergungen,tourism,accommodation - hostel
Tourismus - Unterkunft - Hotel,tourismus,unterkunft,hotel,,,Tourismus,Unterkunft - Hotel,,Standorte und Kontaktdetails der Hotelbetriebe,tourism,accommodation - hotel
Tourismus - Unterkunft - Privatunterkunft,tourismus,unterkunft,privatunterkunft,,,Tourismus,Unterkunft - Privatunterkunft,,Privatunterkünfte und Übernachtungsmöglichkeiten,tourism,accommodation - private accommodation
Verkehr - Ampelanlage,verkehr,ampelanlage,,,,Verkehr,Ampelanlage,,Standorte der Ampelanlagen,transport,traffic lights
Verkehr - Flugverkehr - Flugbewegung,verkehr,flugverkehr,flugbewegung,,,Verkehr,Flugverkehr - Flugbewegung,,Flugbewegungen und Fluggastaufkommen,transport,air traffic - aircraft movement
Verkehr - Flugverkehr - Flughafen,verkehr,flugverkehr,flughafen,,,Verkehr,Flugverkehr - Flughafen,,Standorte und weitere Informationen zu Flughäfen,transport,air traffic - airport
Verkehr - Fußverkehr - Fußgängerzone,verkehr,fussverkehr,fussgaengerzone,,,Verkehr,Fußverkehr - Fußgängerzone,,"Verkehrsflächen, auf denen Fußgängerinnen und Fußgänger Vorrang oder ausschließliches Nutzungsrecht gegenüber anderen Verkehrsteilnehmerinnen und Verkehrsteilnehmern haben",transport,pedestrian traffic - pedestrian zone
Verkehr - Fußverkehr - Gehweg,verkehr,fussverkehr,gehweg,,,Verkehr,Fußverkehr - Gehweg,,Bürgersteige,transport,pedestrian traffic - pavement
Verkehr - Fußverkehr - Laufstrecke und Wanderstrecke,verkehr,fussverkehr,laufstreckeUndWanderstrecke,,,Verkehr,Fußverkehr - Laufstrecke und Wanderstrecke,,Strecken zum Laufen und Wandern in Kommunen,transport,pedestrian traffic - running route and hiking route
Verkehr - KFZ - Autobahn,verkehr,kfz,autobahn,,,Verkehr,KFZ - Autobahn,,Informationen zum Autobahn-Straßennetz,transport,motor vehicle - motorway
Verkehr - KFZ - Bußgeld,verkehr,kfz,bussgeld,,,Verkehr,KFZ - Bußgeld,,Bußgelddaten,transport,motor vehicle - traffic fine
Verkehr - KFZ - Carsharing,verkehr,kfz,carsharing,,,Verkehr,KFZ - Carsharing,,Standorte und Fahrzeuge des Carsharing-Angebots,transport,motor vehicle - carsharing
Verkehr - KFZ - Elektrotankstelle,verkehr,kfz,elektrotankstelle,,,Verkehr,KFZ - Elektrotankstelle,,E-Tankstellen zur Aufladung von Elektrofahrzeugen,transport,motor vehicle - electric filling station
Verkehr - KFZ - Fahrzeugzulassung,verkehr,kfz,fahrzeugzulassung,,,Verkehr,KFZ - Fahrzeugzulassung,,Statistiken zur Straßenverkehrszulassung von Fahrzeugen,transport,motor vehicle - vehicle registration
Verkehr - KFZ - Messung,verkehr,kfz,messung,,,Verkehr,KFZ - Messung,,KFZ-Zählung und Geschwindigkeitsüberwachung,transport,motor vehicle - traffic count
Verkehr - KFZ - Parkplatz,verkehr,kfz,parkplatz,,,Verkehr,KFZ - Parkplatz,,"Parkberechtigungen, Parkhäuser, Parkflächen",transport,motor vehicle - parking lot
Verkehr - KFZ - Tankstelle,verkehr,kfz,tankstelle,,,Verkehr,KFZ - Tankstelle,,Daten zu Tankstellen,transport,motor vehicle - filling station
Verkehr - KFZ - Taxistand,verkehr,kfz,Taxistand,,,Verkehr,KFZ - Taxistand,,Standorte der Taxihalteplätze,transport,motor vehicle - taxicab station
Verkehr - ÖPNV - Aufzug und Rolltreppe,verkehr,oepnv,aufzugUndRolltreppe,,,Verkehr,ÖPNV - Aufzug und Rolltreppe,,Rolltreppen und Aufzüge im öffentlichen Personennahverkehr,transport,public transportation - elevators and escalators
Verkehr - ÖPNV - Fahrgastzahl,verkehr,oepnv,fahrgastzahl,,,Verkehr,ÖPNV - Fahrgastzahl,,Passagieraufkommen im kommunalen öffentlichen Personennahverkehr,transport,public transportation - ridership
Verkehr - ÖPNV - Liniennetz Sollfahrdaten Echtzeitdaten,verkehr,oepnv,liniennetzSollfahrdatenEchtzeitdaten,,,Verkehr,ÖPNV - Liniennetz Sollfahrdaten Echtzeitdaten,,Netz der kommunalen Verkehrslinien bzw. Ist- und Sollfahrdaten,transport,public transportation - route network target timetable actual timetable 
Verkehr - ÖPNV - Vertriebsstelle,verkehr,oepnv,vertriebsstelle,,,Verkehr,ÖPNV - Vertriebsstelle,,"Standorte der Verkaufsstellen, Servicestellen und Fahrkartenautomaten im ÖPNV",transport,public transportation - ticket sales point
Verkehr - Radverkehr - Abstellplatz,verkehr,radverkehr,abstellplatz,,,Verkehr,Radverkehr - Abstellplatz,,Standorte der Fahrradstellplätze,transport,bicycle traffic - parking area
Verkehr - Radverkehr - Ladestation,verkehr,radverkehr,ladestation,,,Verkehr,Radverkehr - Ladestation,,E-Tankstellen zur Aufladung von Elektrofahrrädern,transport,bicycle traffic - charging station
Verkehr - Radverkehr - Messung,verkehr,radverkehr,messung,,,Verkehr,Radverkehr - Messung,,Standorte und Messergebnisse der Radzählstellen,transport,bicycle traffic - traffic count
Verkehr - Radverkehr - Radweg und Radroute,verkehr,radverkehr,radwegUndRadroute,,,Verkehr,Radverkehr - Radweg und Radroute,,Informationen zu Radwegen und Radrouten,transport,bicycle traffic - bike path and cycle route
Verkehr - Radverkehr - Verleih,verkehr,radverkehr,verleih,,,Verkehr,Radverkehr - Verleih,,Standorte der Fahrradmietsysteme,transport,bicycle traffic - rental
Verkehr - Schiffsverkehr und Fährverkehr - Anlegestelle,verkehr,schiffsverkehrUndFaehrverkehr,anlegestelle,,,Verkehr,Schiffsverkehr und Fährverkehr - Anlegestelle,,Standorte der Schiffsanlegestellen und deren Belegung,transport,boat traffic and ferry traffic - jetty
Verkehr - Schiffsverkehr und Fährverkehr - Fracht,verkehr,schiffsverkehrUndFaehrverkehr,fracht,,,Verkehr,Schiffsverkehr und Fährverkehr - Fracht,,Güterumschlag,transport,boat traffic and ferry traffic - cargo
Verkehr - Schiffsverkehr und Fährverkehr - Passagier,verkehr,schiffsverkehrUndFaehrverkehr,passagier,,,Verkehr,Schiffsverkehr und Fährverkehr - Passagier,,Fahrgäste,transport,boat traffic and ferry traffic - passenger
Verkehr - Sondernutzung,verkehr,sondernutzung,,,,Verkehr,Sondernutzung,,Anträge auf Ausnahmegenehmigungen und Erlaubnisse im Straßenverkehr,transport,special use
Verkehr - Unfall,verkehr,unfall,,,,Verkehr,Unfall,,"Verkehrsunfälle, Verkehrsunfallentwicklung",transport,accident
Wetter - Hitze,wetter,hitze,,,,Wetter,Hitze,,Hitzebelastung und Hitzeinseln im Stadtgebiet,weather,heat
Wetter - Messung,wetter,messung,,,,Wetter,Messung,,Wettermessdaten,weather,weather measurements
Wirtschaft - Arbeitslosigkeit,wirtschaft,arbeitslosigkeit,,,,Wirtschaft,Arbeitslosigkeit,,Statistische Daten zu Arbeitslosigkeit,economy,unemployment
Wirtschaft - Berufspendler,wirtschaft,berufspendler,,,,Wirtschaft,Berufspendler,,"Infomationen zu Pendlerinnen und Pendlern, die regelmäßig zwischen Wohnort und Arbeitsplatz pendeln",economy,working commuter
Wirtschaft - Beschäftigung,wirtschaft,beschaeftigung,,,,Wirtschaft,Beschäftigung,,Statistische Daten zu Beschäftigung,economy,employment
Wirtschaft - Beteiligung an öffentlicher Wirtschaft - Ausschreibung und Vergabe,wirtschaft,beteiligungAnOeffentlicherWirtschaft,ausschreibungUndVergabe,,,Wirtschaft,Beteiligung an Öffentlicher Wirtschaft - Ausschreibung und Vergabe,,Vergaben und Ausschreibungen,economy,participation in public economy - invitation to tender and public procurement
Wirtschaft - Beteiligung an öffentlicher Wirtschaft - Beteiligung,wirtschaft,beteiligungAnOeffentlicherWirtschaft,beteiligung,,,Wirtschaft,Beteiligung an Öffentlicher Wirtschaft - Beteiligung,,Anteile der Kommunen an Unternehmen der Daseinsvorsorge,economy,participation in public economy - shareholding
Wirtschaft - Bürofläche Industriefläche Gewerbefläche,wirtschaft,bueroflaecheIndustrieflaecheGewerbeflaeche,,,,Wirtschaft,Bürofläche Industriefläche Gewerbefläche,,Gewerblich genutzte Flächen,economy,office space industrial space commercial space
Wirtschaft - Coworking,wirtschaft,coworking,,,,Wirtschaft,Coworking,,Gemeinsam genutzte bzw. geteilte Büroräumlichkeiten,economy,coworking
Wirtschaft - Dienstleistung - Einzelhandel,wirtschaft,dienstleistung,einzelhandel,,,Wirtschaft,Dienstleistung - Einzelhandel,,Einzelhandelsgeschäft,economy,service - retail
Wirtschaft - Dienstleistung - Handwerk,wirtschaft,dienstleistung,handwerk,,,Wirtschaft,Dienstleistung - Handwerk,,"Gewerbliche Tätigkeiten, die dem Handwerk zugeordnet werden (nicht industriell)",economy,service - craft and trade
Wirtschaft - Dienstleistung - Postfiliale,wirtschaft,dienstleistung,postfiliale,,,Wirtschaft,Dienstleistung - Postfiliale,,Filialen der Postdienste,economy,service - post office
Wirtschaft - Dienstleistung - Weihnachtsmarkt,wirtschaft,dienstleistung,weihnachtsmarkt,,,Wirtschaft,Dienstleistung - Weihnachtsmarkt,,Weihnachtsmärkte,economy,service - Christmas market
Wirtschaft - Dienstleistung - Wochenmarkt,wirtschaft,dienstleistung,wochenmarkt,,,Wirtschaft,Dienstleistung - Wochenmarkt,,"Regelmäßig stattfindende Märkte, besonders für Gemüse, Obst, Fleisch, Blumen",economy,service - farmer's market
Wirtschaft - Gewerbeanmeldung,wirtschaft,gewerbeanmeldung,,,,Wirtschaft,Gewerbeanmeldung,,Anmeldung der Ausübung eines Gewerbes bei der Behörde,economy,business registration
Wirtschaft - Insolvenz,wirtschaft,insolvenz,,,,Wirtschaft,Insolvenz,,Unternehmensinsolvenzen,economy,insolvency
Wirtschaft - Wirtschaftsförderung,wirtschaft,wirtschaftsfoerderung,,,,Wirtschaft,Wirtschaftsförderung,,Förderung der Wirtschaft durch Kommunen durch finanzielle oder andere Zuwendungen,economy,business development
Wirtschaft - Wirtschaftsstandort,wirtschaft,wirtschaftsstandort,,,,Wirtschaft,Wirtschaftsstandort,,Wirtschaftsrahmenbedingungen in einem bestimmten Gebiet,economy,business location
Sonstiges,sonstiges,,,,,Sonstiges,Sonstiges,,"Unter Sonstiges werden Daten eingeordnet, die nicht in die übrigen Kategorien passen. Im Zuge von Weiterentwicklungen könnten aus diesen Datensätzen neue Kategorien gebildet werden.",miscellaneous,miscellaneous
